INSERT INTO projects (id, title, category, funding_goal, start_date, end_date) VALUES (1, "PROJECT1", "english", 100, 2020-01-23, 2021-01-23), (2, "PROJECT2", "spanish", 5, 2020-01-24, 2021-01-24), (3, "PROJECT3", "math", 234, 2020-04-30, 2121-04-05), (4, "PROJECT4", "coding", 98327, 2020-11-21, 2022-09-08), (5, "PROJECT5", "coding", 2345, 2020-01-01, 2021-07-04), (6, "PROJECT6", "english", 348775, 2020-06-08, 2020-12-21), (7, "PROJECT7", "coding", 123897, 2020-04-21, 2021-09-11), (8, "PROJECT8", "spanish", 34985, 2020-04-20, 2020-08-04), (9, "PROJECT9", "spanish", 0394857, 2020-12-31, 2021-01-31), (10, "PROJECT10", "math", 293847, 2020-09-11, 2022-10-01);

INSERT INTO users (id, name, age) VALUES (1, "Alex", 33), (2, "Enrique", 29), (3, "George", 8), (4, "Brutus", 3), (5, "Bob", 44), (6, "Carl", 22), (7, "Doug", 32), (8, "Frank", 23), (9, "Billy", 44), (10, "Andy", 23), (11, "Jo", 33), (12, "Dawson", 76), (13, "Evan", 26), (14, "Ballem", 50), (15, "Sandra", 33), (16, "Danny", 35), (17, "Smith", 76), (18, "Adele", 27), (19, "Meg", 32), (20, "Jeff", 61);
 
INSERT INTO pledges (id, amount, user_id, project_id) VALUES (1, 10.00, 1, 2), (2, 20.00, 1, 3), (3, 40.00, 1, 4), (4, 50.00, 2, 3), (5, 10.00, 3, 2), (6, 20.00, 4, 4), (7, 40.00, 5, 10), (8, 60.00, 6, 10), (9, 50.00, 7, 9), (10, 700.00, 8, 8), (11, 1000.00, 8, 7), (12, 40.00, 9, 6), (13, 50.00, 9, 3), (14, 50.00, 10, 4), (15, 24.00, 12, 1), (16, 34.00, 11, 1), (17, 12.00, 13, 6), (18, 19.00, 14, 5), (19, 20.00, 15, 5), (20, 40.00, 16, 6), (21, 35.50, 17, 7), (22, 40.00, 18, 8), (23, 60.00, 19, 9), (24, 70.00, 20, 10), (25, 100.00, 20, 4), (26, 40.00, 19, 1), (27, 20.00, 18, 6), (28, 90.00, 17, 9), (29, 230.00, 16, 6), (30, 450.00, 15, 5);

